<?xml version="1.0" encoding="utf-8"?>
<odoo>
    <data noupdate="0">
        <!-- res.partner.category -->
        <record id="res_partner_category_applicant" model="res.partner.category">
            <field name="name">Applicant</field>
            <field name="color" eval="2"/>
        </record>

        <record id="res_partner_category_declarant" model="res.partner.category">
            <field name="name">Declarant</field>
            <field name="color" eval="3"/>
        </record>

        <record id="res_partner_category_indicted" model="res.partner.category">
            <field name="name">Indicted</field>
            <field name="color" eval="4"/>
        </record>

        <record id="res_partner_category_indicted" model="res.partner.category">
            <field name="name">Destiny</field>
            <field name="color" eval="5"/>
        </record>
    </data>
</odoo>